{"mean": [-0.0022160005755722523, -0.005667883902788162, -0.014844137243926525, 0.007029700558632612, 0.007501191925257444, -0.012755407951772213, 0.02362874709069729, 0.0016120965592563152, -0.0072343009524047375, 0.01990198716521263, 0.01985100284218788, 0.0006579603650607169, 0.008266436867415905, 0.025832297280430794, -0.004435135517269373, -0.0003848171909339726, 0.0013421749463304877, 0.006502533797174692, -0.013665847480297089, 0.01642926037311554, 0.011981233954429626, 0.013890163972973824, -0.012285889126360416, -0.0005351394065655768, 0.00542898615822196, 0.025371747091412544, -0.011304249987006187, 0.0033561233431100845, -0.017161400988698006, -0.01344568282365799, 0.017682408913969994, -0.027735635638237, -0.021966973319649696, -0.0069268690422177315, 0.008441154845058918, -0.008288471959531307, -0.0107192974537611, 0.0032325061038136482, -0.019930167123675346, -0.009912842884659767, 0.0019568298012018204, -0.020639654248952866, 0.014583560638129711, -0.014308950863778591, -0.0038241150323301554, -0.009534185752272606, 0.009818295016884804, 0.0036905284505337477, 0.019957898184657097, -0.0014371736906468868], "std": [1.0079234838485718, 1.012040615081787, 0.9916884899139404, 1.007718801498413, 1.0103827714920044, 1.0012850761413574, 1.0103349685668945, 0.9894430041313171, 1.0106182098388672, 0.9826390743255615, 0.9947690963745117, 1.0029411315917969, 1.0012006759643555, 1.0049114227294922, 0.9987768530845642, 0.9992097616195679, 1.0008219480514526, 0.9943413138389587, 1.0137995481491089, 0.999891996383667, 0.9895374178886414, 1.0093269348144531, 0.9834378957748413, 1.0275155305862427, 0.9912570118904114, 0.9952270984649658, 0.994989812374115, 1.0112298727035522, 0.9904401302337646, 0.9946483373641968, 0.998790442943573, 1.013168215751648, 1.0092809200286865, 0.9828479290008545, 0.9744401574134827, 0.989190399646759, 0.9871366620063782, 1.0088376998901367, 1.0011132955551147, 1.0104960203170776, 1.005570411682129, 1.020640254020691, 0.9982537627220154, 0.9891477227210999, 0.9936463832855225, 1.003574252128601, 0.9938943982124329, 0.9952032566070557, 1.001212477684021, 0.9933651685714722]}