{"mean": [7817.56982421875, 14429509.0, 9.275076866149902, 10.488056182861328, 534.8589477539062, 15353.5546875, 205.96336364746094, 18.006240844726562, 57.38271713256836, 68.08270263671875, 844.8160400390625, 39.44777297973633, 295.20654296875, 324.3526916503906, 1414847.125, 71371.6796875, 1247721.125, 2814016.0, 8869406.0, 154428.03125, 14092015.0, 2506487.25, 3165491.5, 8737206.0, 965127.3125, 9745314.0, 1732967.75, 1455982.25, 0.056562867015600204, 0.00012753746705129743, 230.09312438964844, 252.97845458984375, 64581.1328125, 6858.56689453125, 15.760114669799805, 922.4512939453125, 166.56707763671875, 285.7590026855469, 467915.375, 0.03443511575460434, 0.056562867015600204, 0.0002168136852560565, 0.30551600456237793, 0.32380062341690063, 0.09953448921442032, 0.6832989454269409, 185.85154724121094, 7247.04150390625, 1894.9415283203125, 77707.9765625], "std": [18051.154296875, 33107136.0, 717.4562377929688, 975.6845092773438, 4859.2783203125, 2106350.75, 703.524169921875, 59.58747100830078, 184.8466033935547, 276.9656066894531, 1913.70068359375, 68.5503921508789, 595.9042358398438, 825.34912109375, 25112902.0, 254535.0, 4404041.5, 7880851.5, 23996486.0, 2878231.5, 33036452.0, 9293999.0, 9466388.0, 24065808.0, 8356880.0, 28290366.0, 8661949.0, 6163033.5, 0.23100543022155762, 0.011292528361082077, 15087.2060546875, 19604.9453125, 248322.703125, 36671.8359375, 24.590837478637695, 1993.8587646484375, 301.3799133300781, 621.5088500976562, 1617830.875, 0.1823440045118332, 0.23100543022155762, 0.01472299825400114, 0.46062561869621277, 0.46792498230934143, 0.29937830567359924, 0.6886630058288574, 327.24725341796875, 14386.8828125, 8258.5419921875, 583237.0]}