{"mean": [8116.23193359375, 14818513.0, 8.586865425109863, 9.49207592010498, 538.6343994140625, 13693.9306640625, 207.5333709716797, 18.624530792236328, 58.23107147216797, 68.9651870727539, 873.1574096679688, 41.064754486083984, 306.7942199707031, 336.6044006347656, 1519112.625, 71109.265625, 1303481.0, 2932149.25, 9224459.0, 163517.5, 14517616.0, 2618883.5, 3290223.0, 9087364.0, 1019250.25, 9893273.0, 1808068.75, 1494366.375, 0.04689522460103035, 0.00012591398262884468, -21690.201171875, -327.0315246582031, 64218.75, 6970.41015625, 16.41874885559082, 952.6744384765625, 172.4225311279297, 295.9220886230469, 488695.1875, 0.03547239676117897, 0.04689522460103035, 0.00022973779414314777, 0.29815104603767395, 0.3166537880897522, 0.09503854811191559, 0.683330774307251, 192.4897003173828, 6956.91845703125, 1970.1201171875, 82054.328125], "std": [18327.98828125, 33659020.0, 673.4083251953125, 916.6913452148438, 5872.30615234375, 1976289.625, 712.3265991210938, 59.507816314697266, 185.85595703125, 280.15716552734375, 1950.99755859375, 69.61050415039062, 606.4371948242188, 842.6625366210938, 27466406.0, 255195.328125, 4498781.5, 8054490.5, 24505080.0, 2940447.75, 33583404.0, 9501374.0, 9678562.0, 24577792.0, 8553784.0, 28712674.0, 8865157.0, 6304017.5, 0.21141444146633148, 0.011220433749258518, 14365577.0, 279395.78125, 248494.90625, 38016.34765625, 25.305295944213867, 2030.955322265625, 306.1262512207031, 633.3623046875, 1655776.25, 0.18497055768966675, 0.21141444146633148, 0.015155361965298653, 0.4574461877346039, 0.46517109870910645, 0.2932681739330292, 0.6829556822776794, 332.4857177734375, 14297.7841796875, 8418.021484375, 655176.3125]}