{
  "timestamp": "2026-05-08T12:36:13.296353",
  "dataset": {
    "name": "CICIDS2018",
    "train_samples": 452690,
    "test_samples": 113173,
    "features": 50,
    "classes": 5,
    "class_distribution": {
      "benign": 363830,
      "ddos": 60947,
      "brute_force": 2228,
      "anomaly": 0
    }
  },
  "lstm_ensemble": {
    "metrics": {
      "loss": 1.3379353284835815,
      "accuracy": 0.1346288025379181,
      "precision": 0.018128096771462484,
      "recall": 0.13462880976997782,
      "f1": 0.03195356788761482,
      "auc": 0.0
    },
    "epochs_trained": 17
  },
  "random_forest": {
    "metrics": {
      "accuracy": 0.9989661845139742,
      "precision": 0.998967013384023,
      "recall": 0.9989661845139742,
      "f1": 0.9989665104951899
    },
    "estimators": 200
  },
  "targets": {
    "accuracy": ">=96%",
    "precision": ">=97%",
    "recall": ">=95%",
    "f1_score": ">=96%"
  }
}