{"mean": [8123.53759765625, 14803436.0, 9.347496032714844, 10.478373527526855, 539.8237915039062, 15933.8193359375, 208.9393768310547, 18.712478637695312, 58.72534942626953, 69.50715637207031, 870.4707641601562, 40.995933532714844, 306.014892578125, 335.29815673828125, 1453371.875, 71447.875, 1290478.75, 2908132.25, 9162688.0, 160480.46875, 14501341.0, 2592534.5, 3267209.25, 9025608.0, 1002991.9375, 9935448.0, 1790710.25, 1492919.125, 0.046690408140420914, 0.00013254278746899217, 229.63221740722656, 249.36122131347656, 64548.51953125, 6970.04296875, 16.37863540649414, 950.98291015625, 172.2325897216797, 295.3443298339844, 486011.9375, 0.03578655421733856, 0.046690408140420914, 0.00022532274306286126, 0.29869401454925537, 0.31607478857040405, 0.09519664943218231, 0.6831785440444946, 192.21812438964844, 6977.21484375, 1962.8765869140625, 80757.703125], "std": [18334.482421875, 33679408.0, 731.3978271484375, 994.643310546875, 4951.31494140625, 2147283.75, 715.407470703125, 60.63664245605469, 188.18846130371094, 282.066650390625, 1945.00146484375, 69.42701721191406, 604.8987426757812, 839.333740234375, 25598224.0, 255549.34375, 4484102.5, 8018889.5, 24414436.0, 2934002.0, 33602592.0, 9464027.0, 9635358.0, 24486804.0, 8517060.0, 28804576.0, 8825102.0, 6278938.5, 0.21097491681575775, 0.011511960066854954, 15380.337890625, 19985.794921875, 249089.421875, 37355.45703125, 24.865863800048828, 2025.9520263671875, 305.7854919433594, 631.5064086914062, 1646638.5, 0.185757577419281, 0.21097491681575775, 0.015009063296020031, 0.4576853811740875, 0.46494248509407043, 0.2934863567352295, 0.6960033178329468, 331.9336853027344, 14316.55078125, 8411.75, 594364.5625]}